[{"pk": 4, "model": "races.race", "fields": {"cut_off": "12 hours", "entry_form": "races/entry_forms/Hawk50_entry_2.pdf", "lodging": "http://www.visitlawrence.com/accommodations", "logo": "races/logos/hawk_logo_blueshoes2_web_2.jpg", "unit": 2, "title": "Hawk 50 Marathon", "discounts": "Dues-paying Trail Hawks subtract $10 from 50-mile entry fee, $5 from marathon entry fee.", "location": "Shelter 2, Corps of Engineers Overlook Park, Clinton Lake. How to get there -- The race start is located just past the visitor center at 872 N 1402 Road, Lawrence, KS 66049-9048.", "start_datetime": "2010-05-22 08:00:00", "description": "Trail run with rocky, rooty sections, and smooth flat sections. Scenic lake views. Beautiful shady woods. Two traverses of scenic Sanders' Mound. ", "map_link": "http://local.google.com/maps/ms?ie=UTF8&hl=en&msa=0&msid=107185060515460825509.0004600da435d4b1bc567&ll=38.939776,-95.340847&spn=0.002366,0.004823&t=h&z=18", "awards": "Overall Male and Female and mugs for all finishers", "location_iframe": null, "slug": "hawk-50-marathon-inaugural", "reg_url": "http://ultrasignup.com/register.aspx?did=7624", "distance": "26,2", "course_map": "http://www.ultrastory.com/Trail_Hawks/Hawk50_Map%26Descrip.pdf", "slogan": "26.2 miles as the Hawk flies", "race_type": 1, "packet_pickup": "Packet pickup set for Friday, May 21, 2-7 pm at Garry Gribbles Running Sports, 839 Massachusetts St., Lawrence, Kansas.", "annual": "inaugural", "contact": 3, "reg_description": "Entry includes post-race BBQ, technical t-shirt for 50-mile entrants and cotton t-shirts for marathoners"}}, {"pk": 1, "model": "races.race", "fields": {"cut_off": "", "entry_form": "", "lodging": "", "logo": "", "unit": 1, "title": "Shoreline Shuffle", "discounts": "$4 discount for all active Trailhawks", "location": "Shelter 4, Campground 1, Clinton Lake State Park\r\n798 N 1415 Rd., Lawrence, KS 66049", "start_datetime": "2009-09-26 09:00:00", "description": "Trail run with rocky, rooty sections, and smooth flat sections. Scenic lake views. Beautiful shady woods. Possible sightings of the Clinton Lake sea serpent \u201cClintie.\u201d\r\n", "map_link": "http://local.google.com/maps/ms?ie=UTF8&hl=en&msa=0&msid=107185060515460825509.0004600da435d4b1bc567&ll=38.939776,-95.340847&spn=0.002366,0.004823&t=h&z=18", "awards": "Overall Male/Female, Masters Male/Female awarded", "location_iframe": null, "slug": "shoreline-shuffle-inaugural", "reg_url": "", "distance": "5", "course_map": "", "slogan": "Shuffle on the Shoreline", "race_type": 1, "packet_pickup": "", "annual": "inaugural", "contact": 3, "reg_description": "Race Day, Shelter 4. Mail-in registration available. Check-in and race day\r\nregistration begin at 7:30 a.m."}}, {"pk": 2, "model": "races.race", "fields": {"cut_off": "", "entry_form": "", "lodging": "", "logo": "", "unit": 1, "title": "Sanders Saunter", "discounts": "$3 discount for all active Trailhawks", "location": "Corps of Engineers Parking Lot, Clinton Lake State Park", "start_datetime": "2009-11-22 09:00:00", "description": "Trail run with rocky, rooty sections, and smooth flat sections. Scenic lake views. Beautiful shady woods. With two passings over Sanders Mound.", "map_link": "http://local.google.com/maps/ms?ie=UTF8&hl=en&msa=0&msid=107185060515460825509.0004600da435d4b1bc567&ll=38.939776,-95.340847&spn=0.002366,0.004823&t=h&z=18", "awards": "Overall Male/Female.", "location_iframe": null, "slug": "sanders-saunter-inaugural", "reg_url": "", "distance": "10", "course_map": "", "slogan": "Pound the Mound", "race_type": 1, "packet_pickup": "Pre-Race packet pickup is at Gary Gribbles in Lawrence on Saturday, Nov. 21 2009 from 1-3 pm. ", "annual": "inaugural", "contact": 1, "reg_description": "Race Day, Corps of Engineering Parking lot. Mail-in registration available. Check-in and race day registration begin at 8:00 a.m. "}}, {"pk": 3, "model": "races.race", "fields": {"cut_off": "13 Hours", "entry_form": "races/entry_forms/Hawk50_entry_1.pdf", "lodging": "http://www.visitlawrence.com/accommodations", "logo": "races/logos/hawk_logo_blueshoes2_web_1.jpg", "unit": 2, "title": "Hawk 50", "discounts": "Dues-paying Trail Hawks subtract $10 from 50-mile entry fee, $5 from marathon entry fee.", "location": "Shelter 2, Corps of Engineers Overlook Park, Clinton Lake. How to get there -- The race start is located just past the visitor center at 872 N 1402 Road, Lawrence, KS 66049-9048.", "start_datetime": "2010-05-22 07:00:00", "description": "Trail run with rocky, rooty sections, and smooth flat sections. Scenic lake views. Beautiful shady woods. Two traverses of scenic Sanders' Mound.", "map_link": "http://local.google.com/maps/ms?ie=UTF8&hl=en&msa=0&msid=107185060515460825509.0004600da435d4b1bc567&ll=38.939776,-95.340847&spn=0.002366,0.004823&t=h&z=18", "awards": "Overall Male and Female and mugs for all finishers", "location_iframe": null, "slug": "hawk-50-inaugural", "reg_url": "http://ultrasignup.com/register.aspx?did=7624", "distance": "50", "course_map": "http://www.ultrastory.com/Trail_Hawks/Hawk50_Map%26Descrip.pdf", "slogan": "50 miles as the Hawk flies", "race_type": 1, "packet_pickup": "Packet pickup set for Friday, May 21, 2-7 pm at Garry Gribbles Running Sports, 839 Massachusetts St., Lawrence, Kansas", "annual": "inaugural", "contact": 3, "reg_description": "Entry includes post-race BBQ, technical t-shirt for 50-mile entrants and cotton t-shirts for marathoners"}}, {"pk": 6, "model": "races.race", "fields": {"cut_off": "10 hours", "entry_form": "", "lodging": "http://maps.google.com/maps?oe=utf-8&rls=org.mozilla:en-US:official&client=firefox-a&um=1&ie=UTF-8&q=olathe+lodging&fb=1&gl=us&hq=lodging&hnear=Olathe,+KS&view=text&ei=MLQ0TMOJE5Gsngfe8o3VAw&sa=X&oi=l", "logo": "", "unit": 1, "title": "Coleen's Sweaty Ass Run", "discounts": "", "location": "Olathe Prairie Center\r\n26235 West 135th St.\r\nOlathe, KS ", "start_datetime": "2010-08-13 20:00:00", "description": "IT'S BAAAAAAACKKK!!! It's the summertime sweaty ass version of the winter fat ass!!\r\n\r\n\r\nFor those of you that don't know what a Fat Ass Race is let me educate you a bit! A fat ass is a super low-key run usually put on after the Christmas holidays so everyone can work off their \"fat ass\" that they got from eating WAAAAAAAAYYYYY too much pie! The first one was put on in 1978 and the format hasn't changed much since then. It's usually a no entry fee, no aid, no awards type thing, pretty much just a big group training run. This is the summertime version....hence the name Sweaty Ass! And for those of you that missed our January Fat Ass, you missed out on a freezing cold good time!\r\n\r\n\r\nFriday August 13 2010 starting at 8 PM at Olathe Prairie Center (if you haven't run out there you really should!) It's a great course: gorgeous, serene, good footing which is perfect for night running, a couple of water crossings and few small hills. This is a NIGHT TRAIL RUN.. you will be required to have a headlamp and/or flashlight!! There are NO streetlights out there. NO PETS ALLOWED!\r\n\r\n\r\n\r\nNo entry fee but will we accept donations for the Lawrence Trail Hawks and for the Prairie Center itself.\r\n\r\nThis is a 3.2 mile loop and you can do as many loops as you'd like. The course will be open for 10 hours. No pressure to do any distance but the one you feel like doing! The trails are fantastic and even if it rains for a week beforehand there will not be any WYCO or Clinton style mud!\r\n\r\nI'd love to see as many people come out as possible and just do whatever distance you feel like. It'll be a great chance to get in some night running in a safe place with a bunch of friends.\r\n\r\nThere are porta johns on the property. We will have access to a small historic house at the start/finish area which equals a place to hang out, and plug ins for crock pots and coffee urns, there is a fridge and the Lawrence Trail Hawks will supply water, Heed and cold watermelon.\r\n\r\nThe parking lot is a few steps away from the race course so you can easily get aid from your car also. Since a Fat Ass is traditionally done as \"no aid\" you will be expected to bring the majority of your own supplies.... If anyone wants to bring any items to share it would be welcome! Our wintertime version featured an absolute smorgasboard of wonderful delights to share contributed by our runners... I don't think anyone actually lost any weight that night but we sure had a great time and I anticipate the summer version being the same... just with less snow... and warmer temps....", "map_link": "http://maps.google.com/maps?f=d&source=s_d&saddr=&daddr=38.882665,-94.890397&hl=en&geocode=&mra=mi&mrsp=0&sz=16&sll=38.88365,-94.887199&sspn=0.010924,0.015664&ie=UTF8&t=h&z=16", "awards": "No awards.. just sweet satisfaction.", "location_iframe": null, "slug": "coleens-sweaty-ass-run-inaugural", "reg_url": "http://www.facebook.com/event.php?eid=140222672656641#!/event.php?eid=140222672656641", "distance": "0", "course_map": "http://www.kdwp.state.ks.us/news/KDWP-Info/Locations/Museums-and-Nature-Centers/Prairie-Center", "slogan": "Come get sweaty and wet with the Lawrence Trail Hawks!", "race_type": 1, "packet_pickup": "", "annual": "inaugural", "contact": 6, "reg_description": "No entry fee, no pre sign up.  Just show up, sign a waiver and then we run!  We will be accepting donations for the Lawrence Trail Hawks and for the Olathe Prairie Center."}}, {"pk": 7, "model": "races.race", "fields": {"cut_off": "", "entry_form": "races/entry_forms/Shoreline_Shuffle_Entry.pdf", "lodging": "", "logo": "races/logos/image002.jpg", "unit": 1, "title": "Shoreline Shuffle", "discounts": "Trailhawk members can subtract 5 dollars from the registration cost.", "location": "Shelter 4, Campground 1, Clinton Lake State Park 798 N 1415 Rd., Lawrence, KS 66049", "start_datetime": "2010-09-25 08:00:00", "description": "Trail run with rocky, rooty sections, and smooth flat sections. Scenic lake views. Beautiful shady woods. Possible sightings of the Clinton Lake sea serpent \u201cClintie.\u201d ", "map_link": "http://local.google.com/maps/ms?ie=UTF8&hl=en&t=h&msa=0&msid=107185060515460825509.00048f1fca326faf240bb&ll=38.930254,-95.361135&spn=0.011084,0.015664&z=16&iwloc=00048f1fd5a7877c54dd2", "awards": "Overall Male/Female, Masters Male/Female awarded", "location_iframe": "<iframe width=\"425\" height=\"350\" frameborder=\"0\" scrolling=\"no\" marginheight=\"0\" marginwidth=\"0\" src=\"http://local.google.com/maps/ms?ie=UTF8&amp;hl=en&amp;t=h&amp;msa=0&amp;msid=107185060515460825509.00048f1fca326faf240bb&amp;ll=38.930254,-95.361135&amp;spn=0.011084,0.015664&amp;iwloc=00048f1fd5a7877c54dd2&amp;output=embed\"></iframe><br /><small>View <a href=\"http://local.google.com/maps/ms?ie=UTF8&amp;hl=en&amp;t=h&amp;msa=0&amp;msid=107185060515460825509.00048f1fca326faf240bb&amp;ll=38.930254,-95.361135&amp;spn=0.011084,0.015664&amp;iwloc=00048f1fd5a7877c54dd2&amp;source=embed\" style=\"color:#0000FF;text-align:left\">Shelter 4 - Campground 1 </a> in a larger map</small>", "slug": "shoreline-shuffle-second", "reg_url": "http://ultrasignup.com/register.aspx?did=10470", "distance": "5", "course_map": "", "slogan": "Tough enough for the veteran; short enough for the beginner.", "race_type": 1, "packet_pickup": "", "annual": "Second Annual", "contact": 3, "reg_description": "Race Day, Shelter 4. Mail-in registration available. Check-in and race day\r\nregistration begin at 7:30 a.m.\r\n\r\nRace entry does not include $4.20 per vehicle Kansas State Park entry fee."}}, {"pk": 1, "model": "races.registration", "fields": {"reg_date": "2009-09-25", "reg_cost": 8, "race": 1}}, {"pk": 2, "model": "races.registration", "fields": {"reg_date": "2009-09-26", "reg_cost": 10, "race": 1}}, {"pk": 3, "model": "races.registration", "fields": {"reg_date": "2009-11-21", "reg_cost": 10, "race": 2}}, {"pk": 4, "model": "races.registration", "fields": {"reg_date": "2009-11-22", "reg_cost": 12, "race": 2}}, {"pk": 5, "model": "races.registration", "fields": {"reg_date": "2010-05-01", "reg_cost": 65, "race": 3}}, {"pk": 6, "model": "races.registration", "fields": {"reg_date": "2010-05-15", "reg_cost": 75, "race": 3}}, {"pk": 7, "model": "races.registration", "fields": {"reg_date": "2010-05-22", "reg_cost": 85, "race": 3}}, {"pk": 8, "model": "races.registration", "fields": {"reg_date": "2010-05-01", "reg_cost": 35, "race": 4}}, {"pk": 9, "model": "races.registration", "fields": {"reg_date": "2010-05-15", "reg_cost": 45, "race": 4}}, {"pk": 10, "model": "races.registration", "fields": {"reg_date": "2010-05-22", "reg_cost": 55, "race": 4}}, {"pk": 11, "model": "races.registration", "fields": {"reg_date": "2010-08-13", "reg_cost": 0, "race": 6}}, {"pk": 12, "model": "races.registration", "fields": {"reg_date": "2010-09-24", "reg_cost": 20, "race": 7}}, {"pk": 13, "model": "races.registration", "fields": {"reg_date": "2010-09-25", "reg_cost": 25, "race": 7}}, {"pk": 1, "model": "races.news", "fields": {"body": "The \"entrants list\":http://www.ultrastory.com/Trail_Hawks/HawkEntrants.pdf has been updated!! ", "title": "Entrants List", "race": 3, "draft": 2, "pub_date": "2010-04-28 10:07:21", "slug": "entrants-list"}}, {"pk": 2, "model": "races.news", "fields": {"body": "Runners' and crews' guide for the Hawk 50-Mile & Marathon Trail Runs now on line at http://www.ultrastory.com/Trail_Hawks/Runners_Guide.pdf", "title": "Runners_Guide", "race": 3, "draft": 2, "pub_date": "2010-05-09 18:57:10", "slug": "Guide"}}, {"pk": 3, "model": "races.news", "fields": {"body": "It\u2019s tough enough for veterans and short enough for beginners! The 2nd Annual Shoreline Shuffle 5k-ish Trail Run entry is NOW OPEN! Here\u2019s the snail mail \"entry form\":/site_media/races/entry_forms/Shoreline_Shuffle_Entry.pdf. Online entry is available at ultrasignup.com, link below.  But if you\u2019d rather not pay the modest online surcharge\u2014print this baby out and send it in!", "title": "Entry form now up", "race": 7, "draft": 2, "pub_date": "2010-08-03 09:52:48", "slug": "entry-form-now-up"}}, {"pk": 1, "model": "races.emergencycontact", "fields": {"phone": "1234567890", "first_name": "Laurie", "last_name": "Euler", "relationship": "Girlfriend", "address": "lkasdjflksj"}}, {"pk": 2, "model": "races.emergencycontact", "fields": {"phone": "501 888 6968", "first_name": "Joe", "last_name": "Pavelko", "relationship": "Father", "address": "Little Rock, AR"}}, {"pk": 3, "model": "races.emergencycontact", "fields": {"phone": "9188127527", "first_name": "Jennifer", "last_name": "Kisamore", "relationship": "Wife", "address": "137 East 34 St"}}, {"pk": 4, "model": "races.emergencycontact", "fields": {"phone": "816 582 3512", "first_name": "Tim", "last_name": "Lin", "relationship": "Friend", "address": "4303 Harrison"}}, {"pk": 5, "model": "races.emergencycontact", "fields": {"phone": "816 761 6398", "first_name": "Kathryn", "last_name": "Newman", "relationship": "Mother", "address": "11405 Sunnyslope Dr, \r\nKansas City, MO"}}, {"pk": 6, "model": "races.emergencycontact", "fields": {"phone": "816 935 5211", "first_name": "Anthony", "last_name": "Bautista", "relationship": "Husband", "address": "2914 SW 13th Terr \r\nLee's Summit, Missouri"}}, {"pk": 7, "model": "races.emergencycontact", "fields": {"phone": "646 812 7772", "first_name": "Shan-Liang", "last_name": "Yin", "relationship": "Brother", "address": " "}}, {"pk": 8, "model": "races.emergencycontact", "fields": {"phone": "785 210 3085", "first_name": "Julie", "last_name": "Bauer", "relationship": "wife", "address": "6720 Old Milford Rd\r\nMilford, KS "}}, {"pk": 9, "model": "races.emergencycontact", "fields": {"phone": "913 649 1526", "first_name": "Mary Ann", "last_name": "Landry", "relationship": "wife", "address": "8120 W 99 st\r\nOverland Park, KS"}}, {"pk": 10, "model": "races.emergencycontact", "fields": {"phone": "785 218 3893", "first_name": "Brenna", "last_name": "Daldorph", "relationship": "Dauther", "address": "1203 E. 13th St.\r\nLawrence, KS 66044"}}, {"pk": 1, "model": "races.racer", "fields": {"city": "", "first_name": "Tim", "last_name": "Hibbard", "gender": 1, "trailhawk": null, "phone": "1234567890", "state": "", "contact": null, "shirt_size": null, "country": "", "birth_date": "1982-04-26", "email": "tim.hibbard@gmail.com"}}, {"pk": 2, "model": "races.racer", "fields": {"city": "", "first_name": "Troy", "last_name": "Blair", "gender": 1, "trailhawk": null, "phone": "1234567890", "state": "", "contact": null, "shirt_size": null, "country": "", "birth_date": null, "email": "troy.blair@gmail.com"}}, {"pk": 3, "model": "races.racer", "fields": {"city": "", "first_name": "Michael", "last_name": "Eglinski", "gender": 1, "trailhawk": null, "phone": "1234567890", "state": "", "contact": null, "shirt_size": null, "country": "", "birth_date": null, "email": "michael.eglinski@gmail.com"}}, {"pk": 4, "model": "races.racer", "fields": {"city": "", "first_name": "Lisa", "last_name": "Giullian", "gender": 2, "trailhawk": null, "phone": "1234567890", "state": "", "contact": null, "shirt_size": null, "country": "", "birth_date": null, "email": "Lisa.Giullian@gmail.com"}}, {"pk": 5, "model": "races.racer", "fields": {"city": "", "first_name": "Nick", "last_name": "Lang", "gender": 1, "trailhawk": 1, "phone": "7752405717", "state": "", "contact": 1, "shirt_size": null, "country": "", "birth_date": null, "email": "nick.lang@gmail.com"}}, {"pk": 6, "model": "races.racer", "fields": {"city": "", "first_name": "Kristi", "last_name": "Mayo", "gender": 2, "trailhawk": null, "phone": "1234567890", "state": "", "contact": null, "shirt_size": null, "country": "", "birth_date": null, "email": "kristi.mayo@gmail.com"}}, {"pk": 7, "model": "races.racer", "fields": {"city": "", "first_name": "John", "last_name": "Wickersham", "gender": 1, "trailhawk": null, "phone": "1234567890", "state": "", "contact": null, "shirt_size": null, "country": "", "birth_date": null, "email": "john.wickersham@gmail.com"}}, {"pk": 8, "model": "races.racer", "fields": {"city": "", "first_name": "Susan", "last_name": "Mayberry", "gender": 2, "trailhawk": null, "phone": "1234567890", "state": "", "contact": null, "shirt_size": null, "country": "", "birth_date": null, "email": "susan.mayberry@gmail.com"}}, {"pk": 9, "model": "races.racer", "fields": {"city": "", "first_name": "Lynn", "last_name": "Krug", "gender": 2, "trailhawk": null, "phone": "1234567890", "state": "", "contact": null, "shirt_size": null, "country": "", "birth_date": null, "email": "lynn.krug@gmail.com"}}, {"pk": 10, "model": "races.racer", "fields": {"city": "", "first_name": "Kelsey", "last_name": "Trimble", "gender": 2, "trailhawk": null, "phone": "1234567890", "state": "", "contact": null, "shirt_size": null, "country": "", "birth_date": null, "email": "kelsey.trimble@gmail.com"}}, {"pk": 11, "model": "races.racer", "fields": {"city": "", "first_name": "Carol", "last_name": "Lowman", "gender": 2, "trailhawk": null, "phone": "1234567890", "state": "", "contact": null, "shirt_size": null, "country": "", "birth_date": null, "email": "carol.lowman@gmail.com"}}, {"pk": 12, "model": "races.racer", "fields": {"city": "", "first_name": "Amy", "last_name": "Heartig", "gender": 2, "trailhawk": null, "phone": "1234567890", "state": "", "contact": null, "shirt_size": null, "country": "", "birth_date": null, "email": "amy.heartig@gmail.com"}}, {"pk": 13, "model": "races.racer", "fields": {"city": "", "first_name": "Cynthia", "last_name": "Gordon", "gender": 2, "trailhawk": null, "phone": "1234567890", "state": "", "contact": null, "shirt_size": null, "country": "", "birth_date": null, "email": "cynthia.gordon@gmail.com"}}, {"pk": 14, "model": "races.racer", "fields": {"city": "", "first_name": "Ruth", "last_name": "Story", "gender": 2, "trailhawk": null, "phone": "1234567890", "state": "", "contact": null, "shirt_size": null, "country": "", "birth_date": null, "email": "Ruth.Story@gmail.com"}}, {"pk": 15, "model": "races.racer", "fields": {"city": "", "first_name": "Jarret ", "last_name": "Schneidewind", "gender": 1, "trailhawk": null, "phone": "1234567890", "state": "", "contact": null, "shirt_size": null, "country": "", "birth_date": null, "email": "Jarret.Schneidewind@gmail.com"}}, {"pk": 16, "model": "races.racer", "fields": {"city": "", "first_name": "Darcie", "last_name": "Schneidewind", "gender": 2, "trailhawk": null, "phone": "1234567890", "state": "", "contact": null, "shirt_size": null, "country": "", "birth_date": null, "email": "Darcie.Schneidewind@gmail.com"}}, {"pk": 17, "model": "races.racer", "fields": {"city": "", "first_name": "Beck ", "last_name": "Ireland ", "gender": 2, "trailhawk": null, "phone": "1234567890", "state": "", "contact": null, "shirt_size": null, "country": "", "birth_date": null, "email": "Beck.Ireland@gmail.com"}}, {"pk": 18, "model": "races.racer", "fields": {"city": "", "first_name": "Janice\t", "last_name": "Loudon\t", "gender": 2, "trailhawk": null, "phone": "1234567890", "state": "", "contact": null, "shirt_size": null, "country": "", "birth_date": null, "email": "Janice.Loudon@gmail.com"}}, {"pk": 19, "model": "races.racer", "fields": {"city": "", "first_name": "Mac\t", "last_name": "McSpadden", "gender": 2, "trailhawk": null, "phone": "1234567890", "state": "", "contact": null, "shirt_size": null, "country": "", "birth_date": null, "email": "Mac.McSpadden@gmail.com"}}, {"pk": 20, "model": "races.racer", "fields": {"city": "", "first_name": "Rick", "last_name": "Mayo", "gender": 1, "trailhawk": null, "phone": "1234567890", "state": "", "contact": null, "shirt_size": null, "country": "", "birth_date": null, "email": "rick.mayo@gmail.com"}}, {"pk": 21, "model": "races.racer", "fields": {"city": "", "first_name": "Tyson", "last_name": "Willoughby", "gender": 1, "trailhawk": null, "phone": "1234567890", "state": "", "contact": null, "shirt_size": null, "country": "", "birth_date": null, "email": "tyson.willoughby@gmail.com"}}, {"pk": 22, "model": "races.racer", "fields": {"city": "", "first_name": "Keith", "last_name": "Dowel", "gender": 1, "trailhawk": null, "phone": "1234567890", "state": "", "contact": null, "shirt_size": null, "country": "", "birth_date": null, "email": "keith.dowel@gmail.com"}}, {"pk": 23, "model": "races.racer", "fields": {"city": "", "first_name": "Josh", "last_name": "Weber", "gender": 1, "trailhawk": null, "phone": "1234567890", "state": "", "contact": null, "shirt_size": null, "country": "", "birth_date": null, "email": "josh.weber@gmail.com"}}, {"pk": 24, "model": "races.racer", "fields": {"city": "", "first_name": "Peter", "last_name": "Euler", "gender": 1, "trailhawk": null, "phone": "1234567890", "state": "", "contact": null, "shirt_size": null, "country": "", "birth_date": null, "email": "peter.euler@gmail.com"}}, {"pk": 25, "model": "races.racer", "fields": {"city": "", "first_name": "Stephanie", "last_name": "Zelnick", "gender": 2, "trailhawk": null, "phone": "1234567890", "state": "", "contact": null, "shirt_size": null, "country": "", "birth_date": null, "email": "Stephanie.Zelnick@gmail.com"}}, {"pk": 26, "model": "races.racer", "fields": {"city": "", "first_name": "Jared", "last_name": "Steinshouer", "gender": 1, "trailhawk": null, "phone": "1234567890", "state": "", "contact": null, "shirt_size": null, "country": "", "birth_date": null, "email": "jared.Steinshouer@gmail.com"}}, {"pk": 27, "model": "races.racer", "fields": {"city": "", "first_name": "Coleen", "last_name": "Voeks", "gender": 2, "trailhawk": 3, "phone": "1234567890", "state": "", "contact": null, "shirt_size": null, "country": "", "birth_date": null, "email": "coleen.voeks@gmail.com"}}, {"pk": 28, "model": "races.racer", "fields": {"city": "", "first_name": "Sarah", "last_name": "Henning", "gender": 2, "trailhawk": null, "phone": "1234567890", "state": "", "contact": null, "shirt_size": null, "country": "", "birth_date": null, "email": "sarah.henning@gmail.com"}}, {"pk": 29, "model": "races.racer", "fields": {"city": "", "first_name": "Justin", "last_name": "Dougles", "gender": 1, "trailhawk": null, "phone": "1234567890", "state": "", "contact": null, "shirt_size": null, "country": "", "birth_date": null, "email": "justin.douglas@gmail.com"}}, {"pk": 30, "model": "races.racer", "fields": {"city": "", "first_name": "Fritz", "last_name": "Menninger", "gender": 1, "trailhawk": null, "phone": "1234567890", "state": "", "contact": null, "shirt_size": null, "country": "", "birth_date": null, "email": "fritz.menninger@gmail.com"}}, {"pk": 31, "model": "races.racer", "fields": {"city": "", "first_name": "James", "last_name": "Barker", "gender": 1, "trailhawk": null, "phone": "1234567890", "state": "", "contact": null, "shirt_size": null, "country": "", "birth_date": null, "email": "james.barker@gmail.com"}}, {"pk": 32, "model": "races.racer", "fields": {"city": "", "first_name": "Christine", "last_name": "Metz", "gender": 2, "trailhawk": null, "phone": "1234567890", "state": "", "contact": null, "shirt_size": null, "country": "", "birth_date": null, "email": "christine.metz@gmail.com"}}, {"pk": 33, "model": "races.racer", "fields": {"city": "", "first_name": "Dennis", "last_name": "Anthony", "gender": 1, "trailhawk": null, "phone": "1234567890", "state": "", "contact": null, "shirt_size": null, "country": "", "birth_date": null, "email": "dennis.anthony@gmail.com"}}, {"pk": 34, "model": "races.racer", "fields": {"city": "", "first_name": "Steve", "last_name": "Sell", "gender": 1, "trailhawk": null, "phone": "1234567890", "state": "", "contact": null, "shirt_size": null, "country": "", "birth_date": null, "email": "steve.sell@gmail.com"}}, {"pk": 35, "model": "races.racer", "fields": {"city": "", "first_name": "Chip", "last_name": "Blaser", "gender": 1, "trailhawk": null, "phone": "1234567890", "state": "", "contact": null, "shirt_size": null, "country": "", "birth_date": null, "email": "chip.blaser@gmail.com"}}, {"pk": 36, "model": "races.racer", "fields": {"city": "", "first_name": "Joe", "last_name": "Erwin", "gender": 1, "trailhawk": null, "phone": "1234567890", "state": "", "contact": null, "shirt_size": null, "country": "", "birth_date": null, "email": "joe.erwin@gmail.com"}}, {"pk": 38, "model": "races.racer", "fields": {"city": "", "first_name": "Renee", "last_name": "Babin", "gender": 2, "trailhawk": null, "phone": "1234567890", "state": "", "contact": null, "shirt_size": null, "country": "", "birth_date": null, "email": "renee.babin@gmail.com"}}, {"pk": 39, "model": "races.racer", "fields": {"city": "", "first_name": "Jennifer", "last_name": "Franklin", "gender": 2, "trailhawk": null, "phone": "1234567890", "state": "", "contact": null, "shirt_size": null, "country": "", "birth_date": null, "email": "jennifer.franklin@gmail.com"}}, {"pk": 40, "model": "races.racer", "fields": {"city": "", "first_name": "Lee", "last_name": "Crane", "gender": 1, "trailhawk": null, "phone": "1234567890", "state": "", "contact": null, "shirt_size": null, "country": "", "birth_date": null, "email": "lee.crane@gmail.com"}}, {"pk": 41, "model": "races.racer", "fields": {"city": "", "first_name": "Rhonda", "last_name": "Lyne", "gender": 2, "trailhawk": null, "phone": "1234567890", "state": "", "contact": null, "shirt_size": null, "country": "", "birth_date": null, "email": "rhonda.lyne@gmail.com"}}, {"pk": 42, "model": "races.racer", "fields": {"city": "", "first_name": "Beth", "last_name": "Hilt", "gender": 2, "trailhawk": null, "phone": "1234567890", "state": "", "contact": null, "shirt_size": null, "country": "", "birth_date": null, "email": "beth.hilt@gmail.com"}}, {"pk": 37, "model": "races.racer", "fields": {"city": "", "first_name": "Laurie", "last_name": "Euler", "gender": 2, "trailhawk": 2, "phone": "1234567890", "state": "", "contact": null, "shirt_size": null, "country": "", "birth_date": null, "email": "lluhar@gmail.com"}}, {"pk": 43, "model": "races.racer", "fields": {"city": "Mabelvale", "first_name": "Kimmy", "last_name": "Riley", "gender": 2, "trailhawk": null, "phone": "5016263921", "state": "AR", "contact": 2, "shirt_size": 1, "country": "USA", "birth_date": "2061-02-26", "email": "jessekimmy4ever@sbcglobal.net"}}, {"pk": 44, "model": "races.racer", "fields": {"city": "Tulsa", "first_name": "Earl", "last_name": "Blewett", "gender": 1, "trailhawk": null, "phone": "918 744 1562", "state": "OK", "contact": 3, "shirt_size": 3, "country": "USA", "birth_date": "1964-08-18", "email": "trisloth@earlblewett.net"}}, {"pk": 45, "model": "races.racer", "fields": {"city": "Kansas City", "first_name": "Brad", "last_name": "Bishop", "gender": 1, "trailhawk": 39, "phone": "8165823512", "state": "Missouri", "contact": 4, "shirt_size": 2, "country": "USA", "birth_date": "1985-07-27", "email": "bishopbr@alumni.grimell.edu"}}, {"pk": 46, "model": "races.racer", "fields": {"city": "Kansas City", "first_name": "Mark", "last_name": "Newman", "gender": 1, "trailhawk": null, "phone": "816 765 9623", "state": "Missouri", "contact": 5, "shirt_size": 3, "country": "USA", "birth_date": "1952-02-24", "email": "lmn@netzero.com"}}, {"pk": 47, "model": "races.racer", "fields": {"city": "Lee's Summit", "first_name": "Michelle", "last_name": "Bautista", "gender": 2, "trailhawk": null, "phone": "816 935 5212", "state": "Missouri", "contact": 6, "shirt_size": 1, "country": "USA", "birth_date": "2060-10-07", "email": "bautista41490@sbcglobal.net"}}, {"pk": 48, "model": "races.racer", "fields": {"city": "Saint Louis", "first_name": "Hui-Qing", "last_name": "Yin", "gender": 2, "trailhawk": null, "phone": "314 602 2372", "state": "Missouri", "contact": 7, "shirt_size": 2, "country": "USA", "birth_date": "1975-07-17", "email": "yinhuiqing@gmail.com"}}, {"pk": 49, "model": "races.racer", "fields": {"city": "Milford", "first_name": "Harvey", "last_name": "Bauer", "gender": 1, "trailhawk": 53, "phone": "785 210 3085", "state": "KS", "contact": 8, "shirt_size": 3, "country": "USA", "birth_date": "1957-06-20", "email": "tateuji@yahoo.com"}}, {"pk": 50, "model": "races.racer", "fields": {"city": "Overland Park", "first_name": "Mark", "last_name": "Landry", "gender": 1, "trailhawk": null, "phone": "9132691449", "state": "KS", "contact": 9, "shirt_size": 4, "country": "USA", "birth_date": "1950-05-24", "email": "mlandry4@kc.rr.com"}}, {"pk": 51, "model": "races.racer", "fields": {"city": "Lawrence", "first_name": "Brian", "last_name": "Daldorph", "gender": 1, "trailhawk": null, "phone": "785 218 3712", "state": "KS", "contact": 10, "shirt_size": 3, "country": "USA", "birth_date": "1958-01-09", "email": "briandal@ru.edu"}}, {"pk": 52, "model": "races.racer", "fields": {"city": "baldwin city", "first_name": "Andy", "last_name": "Norris", "gender": 1, "trailhawk": null, "phone": "7859791145", "state": "KS", "contact": null, "shirt_size": 3, "country": "66006", "birth_date": "1971-12-12", "email": "andy@runbaldwin.org"}}, {"pk": 53, "model": "races.racer", "fields": {"city": "Lawrence", "first_name": "Sarah", "last_name": "Henning", "gender": 2, "trailhawk": 20, "phone": "1234567890", "state": "KS", "contact": null, "shirt_size": 1, "country": "USA", "birth_date": "1981-06-28", "email": "shhenning@gmail.com"}}, {"pk": 54, "model": "races.racer", "fields": {"city": "Columbia", "first_name": "Tony", "last_name": "Turley", "gender": 1, "trailhawk": null, "phone": "573-220-4454", "state": "MO", "contact": null, "shirt_size": 3, "country": "65201", "birth_date": "1984-12-18", "email": "t_turley14@hotmail.com"}}, {"pk": 55, "model": "races.racer", "fields": {"city": "Prairie Village", "first_name": "Larry", "last_name": "Long", "gender": 1, "trailhawk": null, "phone": "913-909-6488", "state": "KS", "contact": null, "shirt_size": 4, "country": "USA", "birth_date": "1968-02-19", "email": "drlarrylong@yahoo.com"}}, {"pk": 56, "model": "races.racer", "fields": {"city": "LEES SUMMIT", "first_name": "Matthew", "last_name": "Perkins", "gender": 1, "trailhawk": null, "phone": "816-729-3352", "state": "MO", "contact": null, "shirt_size": 2, "country": "USA", "birth_date": "1974-08-19", "email": "perkins.matthew@sbcglobal.net"}}, {"pk": 57, "model": "races.racer", "fields": {"city": "De Soto", "first_name": "Wes", "last_name": "Brown", "gender": 1, "trailhawk": null, "phone": "1", "state": "KS", "contact": null, "shirt_size": null, "country": "USA", "birth_date": "1982-05-09", "email": "wesleyreedbrown@gmail.com"}}, {"pk": 58, "model": "races.racer", "fields": {"city": "Olathe", "first_name": "Muffie", "last_name": "Keonin", "gender": 2, "trailhawk": null, "phone": "913-515-8802", "state": "KS", "contact": null, "shirt_size": 1, "country": "USA", "birth_date": "1982-10-14", "email": "mkeonin@hotmail.com"}}, {"pk": 59, "model": "races.racer", "fields": {"city": "Ames", "first_name": "Bret", "last_name": "Denekas", "gender": 1, "trailhawk": null, "phone": "515-520-9128", "state": "IA", "contact": null, "shirt_size": 4, "country": "USA", "birth_date": "1970-08-13", "email": "bretdenekas@yahoo.com"}}, {"pk": 60, "model": "races.racer", "fields": {"city": "Memphis", "first_name": "Richard", "last_name": "Easter", "gender": 1, "trailhawk": null, "phone": "901-833-7214", "state": "TN", "contact": null, "shirt_size": 3, "country": "USA", "birth_date": "1987-04-17", "email": "lambdachi05@yahoo.com"}}, {"pk": 61, "model": "races.racer", "fields": {"city": "Lawrence", "first_name": "Norman", "last_name": "Decelles", "gender": 1, "trailhawk": 9, "phone": "1", "state": "KS", "contact": null, "shirt_size": 1, "country": "USA", "birth_date": "1984-06-26", "email": "liberalhiker@gmail.com"}}, {"pk": 62, "model": "races.racer", "fields": {"city": "Kearney", "first_name": "Jennifer", "last_name": "Price", "gender": 2, "trailhawk": null, "phone": "816-415-8301", "state": "MO", "contact": null, "shirt_size": 2, "country": "USA", "birth_date": "1973-08-10", "email": "prices2000@sbcglobal.net"}}, {"pk": 63, "model": "races.racer", "fields": {"city": "Fredericksburg", "first_name": "Benjamin Shane", "last_name": "Lambert", "gender": 1, "trailhawk": null, "phone": "540-907-6823", "state": "VA", "contact": null, "shirt_size": 2, "country": "USA", "birth_date": "1964-07-07", "email": "lambert_shane@hotmail.com"}}, {"pk": 64, "model": "races.racer", "fields": {"city": "Ankeny", "first_name": "Thomas", "last_name": "Hanley", "gender": 1, "trailhawk": null, "phone": "515-240-3336", "state": "IA", "contact": null, "shirt_size": 3, "country": "USA", "birth_date": "1969-08-17", "email": "tb-hanley@msn.com"}}, {"pk": 65, "model": "races.racer", "fields": {"city": "Prairie Village", "first_name": "Alex", "last_name": "Riggs", "gender": 1, "trailhawk": null, "phone": "913-677-1626", "state": "KS", "contact": null, "shirt_size": 3, "country": "USA", "birth_date": "1978-08-05", "email": "ariggsinkc@hotmail.com"}}, {"pk": 66, "model": "races.racer", "fields": {"city": "Liberty", "first_name": "Paula", "last_name": "Keltner", "gender": 2, "trailhawk": null, "phone": "1", "state": "MO", "contact": null, "shirt_size": 1, "country": "USA", "birth_date": "1973-02-19", "email": "paulajkeltner@kc.rr.com"}}, {"pk": 67, "model": "races.racer", "fields": {"city": "kansas city", "first_name": "Kevin", "last_name": "Brown", "gender": 1, "trailhawk": null, "phone": "913-362-2509", "state": "KS", "contact": null, "shirt_size": 3, "country": "USA", "birth_date": "1965-11-02", "email": "the.recycler@live.com"}}, {"pk": 68, "model": "races.racer", "fields": {"city": "Overland Park", "first_name": "Matthew", "last_name": "Miller", "gender": 1, "trailhawk": null, "phone": "913-909-7264", "state": "KS", "contact": null, "shirt_size": 2, "country": "USA", "birth_date": "1974-07-06", "email": "mmiller26.2@sbcglobal.net"}}, {"pk": 69, "model": "races.racer", "fields": {"city": "Lawrence", "first_name": "Chris", "last_name": "Nyberg", "gender": 1, "trailhawk": null, "phone": "785-312-4319", "state": "KS", "contact": null, "shirt_size": 3, "country": "USA", "birth_date": "1967-09-01", "email": "kansasmetalmilitia@yahoo.com"}}, {"pk": 70, "model": "races.racer", "fields": {"city": "", "first_name": "Timothy", "last_name": "Hazlett", "gender": 1, "trailhawk": null, "phone": "1", "state": "", "contact": null, "shirt_size": null, "country": "", "birth_date": null, "email": "a@a.com"}}, {"pk": 71, "model": "races.racer", "fields": {"city": "", "first_name": "Patrick", "last_name": "Perry", "gender": 1, "trailhawk": null, "phone": "1", "state": "", "contact": null, "shirt_size": null, "country": "", "birth_date": null, "email": "patperry@gmail.com"}}, {"pk": 72, "model": "races.racer", "fields": {"city": "", "first_name": "John", "last_name": "Knowles", "gender": 1, "trailhawk": null, "phone": "1", "state": "", "contact": null, "shirt_size": null, "country": "", "birth_date": null, "email": "jknowles@gmail.com"}}, {"pk": 73, "model": "races.racer", "fields": {"city": "", "first_name": "Kim", "last_name": "Deckert", "gender": 2, "trailhawk": null, "phone": "1", "state": "", "contact": null, "shirt_size": null, "country": "", "birth_date": null, "email": "kd@gmail.com"}}, {"pk": 74, "model": "races.racer", "fields": {"city": "", "first_name": "Hunter", "last_name": "Munns", "gender": 1, "trailhawk": 60, "phone": "1", "state": "", "contact": null, "shirt_size": null, "country": "", "birth_date": null, "email": "hunter@gmail.com"}}, {"pk": 75, "model": "races.racer", "fields": {"city": "", "first_name": "Robert", "last_name": "Bodisch", "gender": 1, "trailhawk": null, "phone": "1", "state": "", "contact": null, "shirt_size": null, "country": "", "birth_date": null, "email": "rb@gmail.com"}}, {"pk": 76, "model": "races.racer", "fields": {"city": "", "first_name": "Graham", "last_name": "Fox", "gender": 1, "trailhawk": null, "phone": "1", "state": "", "contact": null, "shirt_size": null, "country": "", "birth_date": null, "email": "gfox@gmail.com"}}, {"pk": 77, "model": "races.racer", "fields": {"city": "", "first_name": "Pete", "last_name": "Leon", "gender": 1, "trailhawk": null, "phone": "1", "state": "", "contact": null, "shirt_size": null, "country": "", "birth_date": null, "email": "pleon@gmail.com"}}, {"pk": 78, "model": "races.racer", "fields": {"city": "", "first_name": "Robert", "last_name": "Lopez", "gender": 1, "trailhawk": null, "phone": "12", "state": "", "contact": null, "shirt_size": null, "country": "", "birth_date": null, "email": "rlopez@gmail.com"}}, {"pk": 79, "model": "races.racer", "fields": {"city": "", "first_name": "Jason", "last_name": "Gaddy", "gender": 1, "trailhawk": null, "phone": "1", "state": "", "contact": null, "shirt_size": null, "country": "", "birth_date": null, "email": "jgaddy@gmail.com"}}, {"pk": 80, "model": "races.racer", "fields": {"city": "", "first_name": "Michael", "last_name": "Osborn", "gender": 1, "trailhawk": null, "phone": "1", "state": "", "contact": null, "shirt_size": null, "country": "", "birth_date": null, "email": "mosborn@pol.net"}}, {"pk": 81, "model": "races.racer", "fields": {"city": "", "first_name": "Travis", "last_name": "Spears", "gender": 1, "trailhawk": null, "phone": "1", "state": "", "contact": null, "shirt_size": null, "country": "", "birth_date": null, "email": "tspears@gmail.com"}}, {"pk": 82, "model": "races.racer", "fields": {"city": "", "first_name": "John", "last_name": "Fralick", "gender": 1, "trailhawk": null, "phone": "1", "state": "", "contact": null, "shirt_size": null, "country": "", "birth_date": null, "email": "j"}}, {"pk": 83, "model": "races.racer", "fields": {"city": "", "first_name": "Kurt", "last_name": "McKinsey", "gender": 1, "trailhawk": null, "phone": "1", "state": "", "contact": null, "shirt_size": null, "country": "", "birth_date": null, "email": "kmck"}}, {"pk": 84, "model": "races.racer", "fields": {"city": "", "first_name": "Erica", "last_name": "Carpenter", "gender": 2, "trailhawk": null, "phone": "1", "state": "", "contact": null, "shirt_size": null, "country": "", "birth_date": null, "email": "e"}}, {"pk": 85, "model": "races.racer", "fields": {"city": "", "first_name": "Erika", "last_name": "Gray", "gender": 2, "trailhawk": null, "phone": "1", "state": "", "contact": null, "shirt_size": null, "country": "", "birth_date": null, "email": "e"}}, {"pk": 86, "model": "races.racer", "fields": {"city": "", "first_name": "Samantha", "last_name": "Satterfield", "gender": 2, "trailhawk": null, "phone": "1", "state": "", "contact": null, "shirt_size": null, "country": "", "birth_date": null, "email": "s"}}, {"pk": 87, "model": "races.racer", "fields": {"city": "", "first_name": "Mark", "last_name": "Boucher", "gender": 1, "trailhawk": 24, "phone": "1", "state": "", "contact": null, "shirt_size": null, "country": "", "birth_date": null, "email": "mboucher@gmail.com"}}, {"pk": 88, "model": "races.racer", "fields": {"city": "", "first_name": "Chris", "last_name": "Spears", "gender": 1, "trailhawk": null, "phone": "1", "state": "", "contact": null, "shirt_size": null, "country": "", "birth_date": null, "email": "cspears"}}, {"pk": 89, "model": "races.racer", "fields": {"city": "", "first_name": "Chris", "last_name": "Boucher", "gender": 1, "trailhawk": null, "phone": "1", "state": "", "contact": null, "shirt_size": null, "country": "", "birth_date": null, "email": "cboucher"}}, {"pk": 90, "model": "races.racer", "fields": {"city": "", "first_name": "Justin", "last_name": "Henning", "gender": 1, "trailhawk": 21, "phone": "1", "state": "", "contact": null, "shirt_size": null, "country": "", "birth_date": null, "email": "jhhenning@gmail.com"}}, {"pk": 91, "model": "races.racer", "fields": {"city": "", "first_name": "Chris", "last_name": "Nicely", "gender": 1, "trailhawk": null, "phone": "1", "state": "", "contact": null, "shirt_size": null, "country": "", "birth_date": null, "email": "c"}}, {"pk": 92, "model": "races.racer", "fields": {"city": "", "first_name": "Scott", "last_name": "Schaeuble", "gender": 1, "trailhawk": null, "phone": "1", "state": "", "contact": null, "shirt_size": null, "country": "", "birth_date": null, "email": "s"}}, {"pk": 93, "model": "races.racer", "fields": {"city": "", "first_name": "Cheryl", "last_name": "Murdock", "gender": 2, "trailhawk": null, "phone": "1", "state": "", "contact": null, "shirt_size": null, "country": "", "birth_date": null, "email": "c"}}, {"pk": 1, "model": "races.result", "fields": {"course_record": true, "racer": 1, "race": 1, "place": "First Overall Male", "time": "00,19,58", "bib_number": 6, "dq": false}}, {"pk": 2, "model": "races.result", "fields": {"course_record": false, "racer": 2, "race": 1, "place": "First Masters Male", "time": "00,23,19", "bib_number": 9, "dq": false}}, {"pk": 3, "model": "races.result", "fields": {"course_record": false, "racer": 3, "race": 1, "place": "Second Masters Male", "time": "00,24,43", "bib_number": 8, "dq": false}}, {"pk": 4, "model": "races.result", "fields": {"course_record": true, "racer": 4, "race": 1, "place": "First Overall Female", "time": "00,25,34", "bib_number": 1, "dq": false}}, {"pk": 5, "model": "races.result", "fields": {"course_record": false, "racer": 5, "race": 1, "place": "Second Overall Male", "time": "00,27,56", "bib_number": 7, "dq": false}}, {"pk": 6, "model": "races.result", "fields": {"course_record": false, "racer": 6, "race": 1, "place": "Second Overall Female", "time": "00,28,35", "bib_number": 16, "dq": false}}, {"pk": 7, "model": "races.result", "fields": {"course_record": false, "racer": 7, "race": 1, "place": "Third Overall Male", "time": "00,30,54", "bib_number": 11, "dq": false}}, {"pk": 8, "model": "races.result", "fields": {"course_record": false, "racer": 8, "race": 1, "place": "First Masters Female", "time": "00,31,20", "bib_number": 18, "dq": false}}, {"pk": 9, "model": "races.result", "fields": {"course_record": false, "racer": 9, "race": 1, "place": "Second Masters Female", "time": "00,31,33", "bib_number": 15, "dq": false}}, {"pk": 10, "model": "races.result", "fields": {"course_record": false, "racer": 10, "race": 1, "place": "Third Overall Female", "time": "00,32,03", "bib_number": 12, "dq": false}}, {"pk": 11, "model": "races.result", "fields": {"course_record": false, "racer": 11, "race": 1, "place": "", "time": "00,32,45", "bib_number": 10, "dq": false}}, {"pk": 12, "model": "races.result", "fields": {"course_record": false, "racer": 12, "race": 1, "place": "", "time": "00,32,48", "bib_number": 4, "dq": false}}, {"pk": 13, "model": "races.result", "fields": {"course_record": false, "racer": 13, "race": 1, "place": "", "time": "00,32,49", "bib_number": 5, "dq": false}}, {"pk": 14, "model": "races.result", "fields": {"course_record": false, "racer": 14, "race": 1, "place": "", "time": "00,34,38", "bib_number": 17, "dq": false}}, {"pk": 15, "model": "races.result", "fields": {"course_record": false, "racer": 15, "race": 1, "place": "", "time": "00,38,58", "bib_number": 3, "dq": false}}, {"pk": 16, "model": "races.result", "fields": {"course_record": false, "racer": 16, "race": 1, "place": "", "time": "00,39,41", "bib_number": 2, "dq": false}}, {"pk": 17, "model": "races.result", "fields": {"course_record": false, "racer": 17, "race": 1, "place": "", "time": "00,41,20", "bib_number": 13, "dq": false}}, {"pk": 18, "model": "races.result", "fields": {"course_record": false, "racer": 18, "race": 1, "place": "Third Masters Female", "time": "00,43,23", "bib_number": 19, "dq": false}}, {"pk": 19, "model": "races.result", "fields": {"course_record": false, "racer": 19, "race": 1, "place": "", "time": "00,44,47", "bib_number": 14, "dq": false}}, {"pk": 20, "model": "races.result", "fields": {"course_record": true, "racer": 20, "race": 2, "place": "First Overall Male", "time": "00,46,49", "bib_number": 24, "dq": false}}, {"pk": 21, "model": "races.result", "fields": {"course_record": false, "racer": 21, "race": 2, "place": "Second Overall Male", "time": "00,52,32", "bib_number": 17, "dq": false}}, {"pk": 22, "model": "races.result", "fields": {"course_record": false, "racer": 22, "race": 2, "place": "Third Overall Male", "time": "00,53,13", "bib_number": 6, "dq": false}}, {"pk": 23, "model": "races.result", "fields": {"course_record": false, "racer": 23, "race": 2, "place": "", "time": "00,54,01", "bib_number": 14, "dq": false}}, {"pk": 24, "model": "races.result", "fields": {"course_record": false, "racer": 24, "race": 2, "place": "", "time": "00,58,33", "bib_number": 9, "dq": false}}, {"pk": 25, "model": "races.result", "fields": {"course_record": false, "racer": 3, "race": 2, "place": "", "time": "00,58,48", "bib_number": 19, "dq": false}}, {"pk": 26, "model": "races.result", "fields": {"course_record": true, "racer": 25, "race": 2, "place": "First Overall Female", "time": "00,59,32", "bib_number": 11, "dq": false}}, {"pk": 27, "model": "races.result", "fields": {"course_record": false, "racer": 26, "race": 2, "place": "", "time": "01,02,10", "bib_number": 1, "dq": false}}, {"pk": 28, "model": "races.result", "fields": {"course_record": false, "racer": 6, "race": 2, "place": "Second Overall Female", "time": "01,03,16", "bib_number": 25, "dq": false}}, {"pk": 29, "model": "races.result", "fields": {"course_record": false, "racer": 27, "race": 2, "place": "Third Overall Female", "time": "01,04,52", "bib_number": 13, "dq": false}}, {"pk": 30, "model": "races.result", "fields": {"course_record": false, "racer": 28, "race": 2, "place": "", "time": "01,05,21", "bib_number": 5, "dq": false}}, {"pk": 31, "model": "races.result", "fields": {"course_record": false, "racer": 29, "race": 2, "place": "", "time": "01,05,26", "bib_number": 29, "dq": false}}, {"pk": 32, "model": "races.result", "fields": {"course_record": false, "racer": 30, "race": 2, "place": "", "time": "01,08,28", "bib_number": 23, "dq": false}}, {"pk": 33, "model": "races.result", "fields": {"course_record": false, "racer": 31, "race": 2, "place": "", "time": "01,08,42", "bib_number": 28, "dq": false}}, {"pk": 34, "model": "races.result", "fields": {"course_record": false, "racer": 32, "race": 2, "place": "", "time": "01,09,36", "bib_number": 7, "dq": false}}, {"pk": 35, "model": "races.result", "fields": {"course_record": false, "racer": 33, "race": 2, "place": "", "time": "01,10,32", "bib_number": 8, "dq": false}}, {"pk": 36, "model": "races.result", "fields": {"course_record": false, "racer": 34, "race": 2, "place": "", "time": "01,11,23", "bib_number": 3, "dq": false}}, {"pk": 37, "model": "races.result", "fields": {"course_record": false, "racer": 35, "race": 2, "place": "", "time": "01,11,34", "bib_number": 18, "dq": false}}, {"pk": 38, "model": "races.result", "fields": {"course_record": false, "racer": 36, "race": 2, "place": "", "time": "01,12,05", "bib_number": 26, "dq": false}}, {"pk": 39, "model": "races.result", "fields": {"course_record": false, "racer": 37, "race": 2, "place": "", "time": "01,14,29", "bib_number": 4, "dq": false}}, {"pk": 40, "model": "races.result", "fields": {"course_record": false, "racer": 38, "race": 2, "place": "", "time": "01,16,32", "bib_number": 21, "dq": false}}, {"pk": 41, "model": "races.result", "fields": {"course_record": false, "racer": 39, "race": 2, "place": "", "time": "01,17,10", "bib_number": 15, "dq": false}}, {"pk": 42, "model": "races.result", "fields": {"course_record": false, "racer": 40, "race": 2, "place": "", "time": "01,17,13", "bib_number": 16, "dq": false}}, {"pk": 43, "model": "races.result", "fields": {"course_record": false, "racer": 8, "race": 2, "place": "", "time": "01,22,32", "bib_number": 2, "dq": false}}, {"pk": 44, "model": "races.result", "fields": {"course_record": false, "racer": 41, "race": 2, "place": "", "time": "01,24,30", "bib_number": 10, "dq": false}}, {"pk": 45, "model": "races.result", "fields": {"course_record": false, "racer": 42, "race": 2, "place": "", "time": "01,41,14", "bib_number": 27, "dq": false}}, {"pk": 46, "model": "races.result", "fields": {"course_record": false, "racer": 19, "race": 2, "place": "", "time": "01,42,07", "bib_number": 20, "dq": false}}, {"pk": 47, "model": "races.result", "fields": {"course_record": false, "racer": 1, "race": 2, "place": "", "time": "99,99,99", "bib_number": 12, "dq": true}}, {"pk": 50, "model": "races.result", "fields": {"course_record": false, "racer": 60, "race": 3, "place": "Second Overall Male", "time": "10,31,18", "bib_number": 6, "dq": false}}, {"pk": 51, "model": "races.result", "fields": {"course_record": false, "racer": 64, "race": 3, "place": "Third Overall Male", "time": "11,18,30", "bib_number": 10, "dq": false}}, {"pk": 52, "model": "races.result", "fields": {"course_record": true, "racer": 37, "race": 3, "place": "First Overall Female", "time": "12,47,16", "bib_number": 17, "dq": false}}, {"pk": 53, "model": "races.result", "fields": {"course_record": false, "racer": 63, "race": 3, "place": "", "time": "12,57,57", "bib_number": 9, "dq": false}}, {"pk": 54, "model": "races.result", "fields": {"course_record": false, "racer": 65, "race": 3, "place": "", "time": "13,07,21", "bib_number": 11, "dq": false}}, {"pk": 55, "model": "races.result", "fields": {"course_record": false, "racer": 58, "race": 3, "place": "Second Overall Female", "time": "13,53,00", "bib_number": 4, "dq": false}}, {"pk": 56, "model": "races.result", "fields": {"course_record": false, "racer": 47, "race": 3, "place": "Third Overall Female", "time": "14,35,00", "bib_number": 14, "dq": false}}, {"pk": 57, "model": "races.result", "fields": {"course_record": false, "racer": 46, "race": 3, "place": "", "time": "14,35,00", "bib_number": 15, "dq": false}}, {"pk": 83, "model": "races.result", "fields": {"course_record": false, "racer": 93, "race": 4, "place": "", "time": "10,31,25", "bib_number": 51, "dq": false}}, {"pk": 84, "model": "races.result", "fields": {"course_record": false, "racer": 19, "race": 4, "place": "", "time": "10,31,25", "bib_number": 67, "dq": false}}, {"pk": 68, "model": "races.result", "fields": {"course_record": false, "racer": 79, "race": 4, "place": "", "time": "06,39,40", "bib_number": 34, "dq": false}}, {"pk": 82, "model": "races.result", "fields": {"course_record": false, "racer": 92, "race": 4, "place": "", "time": "08,32,46", "bib_number": 59, "dq": false}}, {"pk": 81, "model": "races.result", "fields": {"course_record": false, "racer": 91, "race": 4, "place": "", "time": "07,55,09", "bib_number": 55, "dq": false}}, {"pk": 80, "model": "races.result", "fields": {"course_record": false, "racer": 90, "race": 4, "place": "", "time": "07,38,53", "bib_number": 30, "dq": false}}, {"pk": 79, "model": "races.result", "fields": {"course_record": false, "racer": 89, "race": 4, "place": "", "time": "07,26,57", "bib_number": 64, "dq": false}}, {"pk": 78, "model": "races.result", "fields": {"course_record": false, "racer": 88, "race": 4, "place": "", "time": "07,24,11", "bib_number": 60, "dq": false}}, {"pk": 77, "model": "races.result", "fields": {"course_record": false, "racer": 32, "race": 4, "place": "", "time": "07,23,15", "bib_number": 33, "dq": false}}, {"pk": 76, "model": "races.result", "fields": {"course_record": false, "racer": 87, "race": 4, "place": "", "time": "07,21,43", "bib_number": 63, "dq": false}}, {"pk": 75, "model": "races.result", "fields": {"course_record": false, "racer": 86, "race": 4, "place": "", "time": "07,09,10", "bib_number": 43, "dq": false}}, {"pk": 74, "model": "races.result", "fields": {"course_record": false, "racer": 85, "race": 4, "place": "Third Overall Female", "time": "07,08,00", "bib_number": 38, "dq": false}}, {"pk": 73, "model": "races.result", "fields": {"course_record": false, "racer": 84, "race": 4, "place": "Second Overall Female", "time": "07,02,07", "bib_number": 37, "dq": false}}, {"pk": 72, "model": "races.result", "fields": {"course_record": false, "racer": 83, "race": 4, "place": "", "time": "07,01,40", "bib_number": 36, "dq": false}}, {"pk": 71, "model": "races.result", "fields": {"course_record": false, "racer": 82, "race": 4, "place": "", "time": "06,58,08", "bib_number": 56, "dq": false}}, {"pk": 70, "model": "races.result", "fields": {"course_record": false, "racer": 81, "race": 4, "place": "", "time": "06,49,19", "bib_number": 46, "dq": false}}, {"pk": 69, "model": "races.result", "fields": {"course_record": false, "racer": 80, "race": 4, "place": "", "time": "06,43,07", "bib_number": 62, "dq": false}}, {"pk": 67, "model": "races.result", "fields": {"course_record": false, "racer": 78, "race": 4, "place": "", "time": "06,37,37", "bib_number": 35, "dq": false}}, {"pk": 66, "model": "races.result", "fields": {"course_record": false, "racer": 77, "race": 4, "place": "", "time": "06,33,08", "bib_number": 57, "dq": false}}, {"pk": 65, "model": "races.result", "fields": {"course_record": false, "racer": 76, "race": 4, "place": "", "time": "06,30,12", "bib_number": 47, "dq": false}}, {"pk": 64, "model": "races.result", "fields": {"course_record": false, "racer": 75, "race": 4, "place": "", "time": "06,18,29", "bib_number": 32, "dq": false}}, {"pk": 63, "model": "races.result", "fields": {"course_record": false, "racer": 74, "race": 4, "place": "", "time": "06,02,27", "bib_number": 61, "dq": false}}, {"pk": 62, "model": "races.result", "fields": {"course_record": true, "racer": 73, "race": 4, "place": "First Overall Female", "time": "05,46,48", "bib_number": 45, "dq": false}}, {"pk": 58, "model": "races.result", "fields": {"course_record": true, "racer": 70, "race": 4, "place": "First Overall Male", "time": "05,01,10", "bib_number": 52, "dq": false}}, {"pk": 59, "model": "races.result", "fields": {"course_record": false, "racer": 71, "race": 4, "place": "Second Overall Male", "time": "05,10,32", "bib_number": 58, "dq": false}}, {"pk": 61, "model": "races.result", "fields": {"course_record": false, "racer": 51, "race": 4, "place": "", "time": "05,39,42", "bib_number": 31, "dq": false}}, {"pk": 60, "model": "races.result", "fields": {"course_record": false, "racer": 72, "race": 4, "place": "Third Overall Male", "time": "05,22,28", "bib_number": 48, "dq": false}}, {"pk": 49, "model": "races.result", "fields": {"course_record": true, "racer": 45, "race": 3, "place": "First Overall Male", "time": "08,53,26", "bib_number": 16, "dq": false}}, {"pk": 1, "model": "races.report", "fields": {"report": "http://skooshmagoo.com/2009/09/27/shoreline-shuffle/", "racer": 5, "race": 1, "title": "Running in Sandals "}}, {"pk": 2, "model": "races.report", "fields": {"report": "http://lostinthedirt.blogspot.com/2010/06/hawk-50-report.html", "racer": 37, "race": 3, "title": "Hawk 50 Report"}}]