[{"pk": 1, "model": "races.race", "fields": {"cut_off": "", "entry_form": "", "lodging": "", "logo": "", "unit": 1, "title": "Shoreline Shuffle", "discounts": "$4 discount for all active Trailhawks", "location": "Shelter 4, Campground 1, Clinton Lake State Park\r\n798 N 1415 Rd., Lawrence, KS 66049", "start_datetime": "2009-09-26 09:00:00", "description": "Trail run with rocky, rooty sections, and smooth flat sections. Scenic lake views. Beautiful shady woods. Possible sightings of the Clinton Lake sea serpent \u201cClintie.\u201d\r\n", "map_link": "http://local.google.com/maps/ms?ie=UTF8&hl=en&msa=0&msid=107185060515460825509.0004600da435d4b1bc567&ll=38.939776,-95.340847&spn=0.002366,0.004823&t=h&z=18", "awards": "Overall Male/Female, Masters Male/Female awarded", "slug": "shoreline-shuffle-inaugural", "reg_url": "", "distance": "5", "course_map": "", "slogan": "Shuffle on the Shoreline", "race_type": 1, "packet_pickup": "", "annual": "inaugural", "contact": 2, "reg_description": "Race Day, Shelter 4. Mail-in registration available. Check-in and race day\r\nregistration begin at 7:30 a.m."}}, {"pk": 2, "model": "races.race", "fields": {"cut_off": "", "entry_form": "", "lodging": "", "logo": "", "unit": 1, "title": "Sanders Saunter", "discounts": "$3 discount for all active Trailhawks", "location": "Corps of Engineers Parking Lot, Clinton Lake State Park", "start_datetime": "2009-11-22 09:00:00", "description": "Trail run with rocky, rooty sections, and smooth flat sections. Scenic lake views. Beautiful shady woods. With two passings over Sanders Mound.", "map_link": "http://local.google.com/maps/ms?ie=UTF8&hl=en&msa=0&msid=107185060515460825509.0004600da435d4b1bc567&ll=38.939776,-95.340847&spn=0.002366,0.004823&t=h&z=18", "awards": "Overall Male/Female.", "slug": "sanders-saunter-inaugural", "reg_url": "", "distance": "10", "course_map": "", "slogan": "Pound the Mound", "race_type": 1, "packet_pickup": "Pre-Race packet pickup is at Gary Gribbles in Lawrence on Saturday, Nov. 21 2009 from 1-3 pm. ", "annual": "inaugural", "contact": 1, "reg_description": "Race Day, Corps of Engineering Parking lot. Mail-in registration available. Check-in and race day registration begin at 8:00 a.m. "}}, {"pk": 3, "model": "races.race", "fields": {"cut_off": "13 Hours", "entry_form": "races/entry_forms/Hawk50_entry_1.pdf", "lodging": "http://www.visitlawrence.com/accommodations", "logo": "races/logos/hawk_logo_blueshoes2_web_1.jpg", "unit": 2, "title": "Hawk 50", "discounts": "Dues-paying Trail Hawks subtract $10 from 50-mile entry fee, $5 from marathon entry fee.", "location": "Shelter 2, Corps of Engineers Overlook Park, Clinton Lake. How to get there -- The race start is located just past the visitor center at 872 N 1402 Road, Lawrence, KS 66049-9048.", "start_datetime": "2010-05-22 07:00:00", "description": "Trail run with rocky, rooty sections, and smooth flat sections. Scenic lake views. Beautiful shady woods. Two traverses of scenic Sanders' Mound.", "map_link": "http://corpslakes.usace.army.mil/visitors/projects.cfm?Id=G503480", "awards": "Overall Male and Female and mugs for all finishers", "slug": "hawk-50-inaugural", "reg_url": "http://ultrasignup.com/register.aspx?did=7624", "distance": "50", "course_map": "http://www.ultrastory.com/Trail_Hawks/Hawk50_Map%26Descrip.pdf", "slogan": "50 miles as the Hawk flies", "race_type": 1, "packet_pickup": "Packet pickup set for Friday, May 21, 2-7 pm at Garry Gribbles Running Sports, 839 Massachusetts St., Lawrence, Kansas", "annual": "inaugural", "contact": 2, "reg_description": "Entry includes post-race BBQ, technical t-shirt for 50-mile entrants and cotton t-shirts for marathoners"}}, {"pk": 4, "model": "races.race", "fields": {"cut_off": "12 hours", "entry_form": "races/entry_forms/Hawk50_entry_2.pdf", "lodging": "http://www.visitlawrence.com/accommodations", "logo": "races/logos/hawk_logo_blueshoes2_web_2.jpg", "unit": 2, "title": "Hawk 50 Marathon", "discounts": "Dues-paying Trail Hawks subtract $10 from 50-mile entry fee, $5 from marathon entry fee.", "location": "Shelter 2, Corps of Engineers Overlook Park, Clinton Lake. How to get there -- The race start is located just past the visitor center at 872 N 1402 Road, Lawrence, KS 66049-9048.", "start_datetime": "2010-05-22 08:00:00", "description": "Trail run with rocky, rooty sections, and smooth flat sections. Scenic lake views. Beautiful shady woods. Two traverses of scenic Sanders' Mound. ", "map_link": "http://corpslakes.usace.army.mil/visitors/projects.cfm?Id=G503480", "awards": "Overall Male and Female and mugs for all finishers", "slug": "hawk-50-marathon-inaugural", "reg_url": "http://ultrasignup.com/register.aspx?did=7624", "distance": "26,2", "course_map": "http://www.ultrastory.com/Trail_Hawks/Hawk50_Map%26Descrip.pdf", "slogan": "26.2 miles as the Hawk flies", "race_type": 1, "packet_pickup": "Packet pickup set for Friday, May 21, 2-7 pm at Garry Gribbles Running Sports, 839 Massachusetts St., Lawrence, Kansas.", "annual": "inaugural", "contact": 2, "reg_description": "Entry includes post-race BBQ, technical t-shirt for 50-mile entrants and cotton t-shirts for marathoners"}}, {"pk": 1, "model": "races.registration", "fields": {"reg_date": "2009-09-25", "reg_cost": 8, "race": 1}}, {"pk": 2, "model": "races.registration", "fields": {"reg_date": "2009-09-26", "reg_cost": 10, "race": 1}}, {"pk": 3, "model": "races.registration", "fields": {"reg_date": "2009-11-21", "reg_cost": 10, "race": 2}}, {"pk": 4, "model": "races.registration", "fields": {"reg_date": "2009-11-22", "reg_cost": 12, "race": 2}}, {"pk": 5, "model": "races.registration", "fields": {"reg_date": "2010-05-01", "reg_cost": 65, "race": 3}}, {"pk": 6, "model": "races.registration", "fields": {"reg_date": "2010-05-15", "reg_cost": 75, "race": 3}}, {"pk": 7, "model": "races.registration", "fields": {"reg_date": "2010-05-22", "reg_cost": 85, "race": 3}}, {"pk": 8, "model": "races.registration", "fields": {"reg_date": "2010-05-01", "reg_cost": 35, "race": 4}}, {"pk": 9, "model": "races.registration", "fields": {"reg_date": "2010-05-15", "reg_cost": 45, "race": 4}}, {"pk": 10, "model": "races.registration", "fields": {"reg_date": "2010-05-22", "reg_cost": 55, "race": 4}}, {"pk": 1, "model": "races.emergencycontact", "fields": {"phone": "1234567890", "first_name": "Laurie", "last_name": "Euler", "relationship": "Girlfriend", "address": "lkasdjflksj"}}, {"pk": 1, "model": "races.racer", "fields": {"city": "", "first_name": "Tim", "last_name": "Hibbard", "gender": 1, "trailhawk": null, "phone": "1234567890", "state": "", "contact": null, "shirt_size": null, "country": "", "birth_date": "1982-04-26", "email": "tim.hibbard@gmail.com"}}, {"pk": 2, "model": "races.racer", "fields": {"city": "", "first_name": "Troy", "last_name": "Blair", "gender": 1, "trailhawk": null, "phone": "1234567890", "state": "", "contact": null, "shirt_size": null, "country": "", "birth_date": null, "email": "troy.blair@gmail.com"}}, {"pk": 3, "model": "races.racer", "fields": {"city": "", "first_name": "Michael", "last_name": "Eglinski", "gender": 1, "trailhawk": null, "phone": "1234567890", "state": "", "contact": null, "shirt_size": null, "country": "", "birth_date": null, "email": "michael.eglinski@gmail.com"}}, {"pk": 4, "model": "races.racer", "fields": {"city": "", "first_name": "Lisa", "last_name": "Giullian", "gender": 2, "trailhawk": null, "phone": "1234567890", "state": "", "contact": null, "shirt_size": null, "country": "", "birth_date": null, "email": "Lisa.Giullian@gmail.com"}}, {"pk": 5, "model": "races.racer", "fields": {"city": "", "first_name": "Nick", "last_name": "Lang", "gender": 1, "trailhawk": 1, "phone": "7752405717", "state": "", "contact": 1, "shirt_size": null, "country": "", "birth_date": null, "email": "nick.lang@gmail.com"}}, {"pk": 6, "model": "races.racer", "fields": {"city": "", "first_name": "Kristi", "last_name": "Mayo", "gender": 2, "trailhawk": null, "phone": "1234567890", "state": "", "contact": null, "shirt_size": null, "country": "", "birth_date": null, "email": "kristi.mayo@gmail.com"}}, {"pk": 7, "model": "races.racer", "fields": {"city": "", "first_name": "John", "last_name": "Wickersham", "gender": 1, "trailhawk": null, "phone": "1234567890", "state": "", "contact": null, "shirt_size": null, "country": "", "birth_date": null, "email": "john.wickersham@gmail.com"}}, {"pk": 8, "model": "races.racer", "fields": {"city": "", "first_name": "Susan", "last_name": "Mayberry", "gender": 2, "trailhawk": null, "phone": "1234567890", "state": "", "contact": null, "shirt_size": null, "country": "", "birth_date": null, "email": "susan.mayberry@gmail.com"}}, {"pk": 9, "model": "races.racer", "fields": {"city": "", "first_name": "Lynn", "last_name": "Krug", "gender": 2, "trailhawk": null, "phone": "1234567890", "state": "", "contact": null, "shirt_size": null, "country": "", "birth_date": null, "email": "lynn.krug@gmail.com"}}, {"pk": 10, "model": "races.racer", "fields": {"city": "", "first_name": "Kelsey", "last_name": "Trimble", "gender": 2, "trailhawk": null, "phone": "1234567890", "state": "", "contact": null, "shirt_size": null, "country": "", "birth_date": null, "email": "kelsey.trimble@gmail.com"}}, {"pk": 11, "model": "races.racer", "fields": {"city": "", "first_name": "Carol", "last_name": "Lowman", "gender": 2, "trailhawk": null, "phone": "1234567890", "state": "", "contact": null, "shirt_size": null, "country": "", "birth_date": null, "email": "carol.lowman@gmail.com"}}, {"pk": 12, "model": "races.racer", "fields": {"city": "", "first_name": "Amy", "last_name": "Heartig", "gender": 2, "trailhawk": null, "phone": "1234567890", "state": "", "contact": null, "shirt_size": null, "country": "", "birth_date": null, "email": "amy.heartig@gmail.com"}}, {"pk": 13, "model": "races.racer", "fields": {"city": "", "first_name": "Cynthia", "last_name": "Gordon", "gender": 2, "trailhawk": null, "phone": "1234567890", "state": "", "contact": null, "shirt_size": null, "country": "", "birth_date": null, "email": "cynthia.gordon@gmail.com"}}, {"pk": 14, "model": "races.racer", "fields": {"city": "", "first_name": "Ruth", "last_name": "Story", "gender": 2, "trailhawk": null, "phone": "1234567890", "state": "", "contact": null, "shirt_size": null, "country": "", "birth_date": null, "email": "Ruth.Story@gmail.com"}}, {"pk": 15, "model": "races.racer", "fields": {"city": "", "first_name": "Jarret ", "last_name": "Schneidewind", "gender": 1, "trailhawk": null, "phone": "1234567890", "state": "", "contact": null, "shirt_size": null, "country": "", "birth_date": null, "email": "Jarret.Schneidewind@gmail.com"}}, {"pk": 16, "model": "races.racer", "fields": {"city": "", "first_name": "Darcie", "last_name": "Schneidewind", "gender": 2, "trailhawk": null, "phone": "1234567890", "state": "", "contact": null, "shirt_size": null, "country": "", "birth_date": null, "email": "Darcie.Schneidewind@gmail.com"}}, {"pk": 17, "model": "races.racer", "fields": {"city": "", "first_name": "Beck ", "last_name": "Ireland ", "gender": 2, "trailhawk": null, "phone": "1234567890", "state": "", "contact": null, "shirt_size": null, "country": "", "birth_date": null, "email": "Beck.Ireland@gmail.com"}}, {"pk": 18, "model": "races.racer", "fields": {"city": "", "first_name": "Janice\t", "last_name": "Loudon\t", "gender": 2, "trailhawk": null, "phone": "1234567890", "state": "", "contact": null, "shirt_size": null, "country": "", "birth_date": null, "email": "Janice.Loudon@gmail.com"}}, {"pk": 19, "model": "races.racer", "fields": {"city": "", "first_name": "Mac\t", "last_name": "McSpadden", "gender": 2, "trailhawk": null, "phone": "1234567890", "state": "", "contact": null, "shirt_size": null, "country": "", "birth_date": null, "email": "Mac.McSpadden@gmail.com"}}, {"pk": 20, "model": "races.racer", "fields": {"city": "", "first_name": "Rick", "last_name": "Mayo", "gender": 1, "trailhawk": null, "phone": "1234567890", "state": "", "contact": null, "shirt_size": null, "country": "", "birth_date": null, "email": "rick.mayo@gmail.com"}}, {"pk": 21, "model": "races.racer", "fields": {"city": "", "first_name": "Tyson", "last_name": "Willoughby", "gender": 1, "trailhawk": null, "phone": "1234567890", "state": "", "contact": null, "shirt_size": null, "country": "", "birth_date": null, "email": "tyson.willoughby@gmail.com"}}, {"pk": 22, "model": "races.racer", "fields": {"city": "", "first_name": "Keith", "last_name": "Dowel", "gender": 1, "trailhawk": null, "phone": "1234567890", "state": "", "contact": null, "shirt_size": null, "country": "", "birth_date": null, "email": "keith.dowel@gmail.com"}}, {"pk": 23, "model": "races.racer", "fields": {"city": "", "first_name": "Josh", "last_name": "Weber", "gender": 1, "trailhawk": null, "phone": "1234567890", "state": "", "contact": null, "shirt_size": null, "country": "", "birth_date": null, "email": "josh.weber@gmail.com"}}, {"pk": 24, "model": "races.racer", "fields": {"city": "", "first_name": "Peter", "last_name": "Euler", "gender": 1, "trailhawk": null, "phone": "1234567890", "state": "", "contact": null, "shirt_size": null, "country": "", "birth_date": null, "email": "peter.euler@gmail.com"}}, {"pk": 25, "model": "races.racer", "fields": {"city": "", "first_name": "Stephanie", "last_name": "Zelnick", "gender": 2, "trailhawk": null, "phone": "1234567890", "state": "", "contact": null, "shirt_size": null, "country": "", "birth_date": null, "email": "Stephanie.Zelnick@gmail.com"}}, {"pk": 26, "model": "races.racer", "fields": {"city": "", "first_name": "Jared", "last_name": "Steinshouer", "gender": 1, "trailhawk": null, "phone": "1234567890", "state": "", "contact": null, "shirt_size": null, "country": "", "birth_date": null, "email": "jared.Steinshouer@gmail.com"}}, {"pk": 27, "model": "races.racer", "fields": {"city": "", "first_name": "Coleen", "last_name": "Voeks", "gender": 2, "trailhawk": 3, "phone": "1234567890", "state": "", "contact": null, "shirt_size": null, "country": "", "birth_date": null, "email": "coleen.voeks@gmail.com"}}, {"pk": 28, "model": "races.racer", "fields": {"city": "", "first_name": "Sarah", "last_name": "Henning", "gender": 2, "trailhawk": null, "phone": "1234567890", "state": "", "contact": null, "shirt_size": null, "country": "", "birth_date": null, "email": "sarah.henning@gmail.com"}}, {"pk": 29, "model": "races.racer", "fields": {"city": "", "first_name": "Justin", "last_name": "Dougles", "gender": 1, "trailhawk": null, "phone": "1234567890", "state": "", "contact": null, "shirt_size": null, "country": "", "birth_date": null, "email": "justin.douglas@gmail.com"}}, {"pk": 30, "model": "races.racer", "fields": {"city": "", "first_name": "Fritz", "last_name": "Menninger", "gender": 1, "trailhawk": null, "phone": "1234567890", "state": "", "contact": null, "shirt_size": null, "country": "", "birth_date": null, "email": "fritz.menninger@gmail.com"}}, {"pk": 31, "model": "races.racer", "fields": {"city": "", "first_name": "James", "last_name": "Barker", "gender": 1, "trailhawk": null, "phone": "1234567890", "state": "", "contact": null, "shirt_size": null, "country": "", "birth_date": null, "email": "james.barker@gmail.com"}}, {"pk": 32, "model": "races.racer", "fields": {"city": "", "first_name": "Christine", "last_name": "Metz", "gender": 2, "trailhawk": null, "phone": "1234567890", "state": "", "contact": null, "shirt_size": null, "country": "", "birth_date": null, "email": "christine.metz@gmail.com"}}, {"pk": 33, "model": "races.racer", "fields": {"city": "", "first_name": "Dennis", "last_name": "Anthony", "gender": 1, "trailhawk": null, "phone": "1234567890", "state": "", "contact": null, "shirt_size": null, "country": "", "birth_date": null, "email": "dennis.anthony@gmail.com"}}, {"pk": 34, "model": "races.racer", "fields": {"city": "", "first_name": "Steve", "last_name": "Sell", "gender": 1, "trailhawk": null, "phone": "1234567890", "state": "", "contact": null, "shirt_size": null, "country": "", "birth_date": null, "email": "steve.sell@gmail.com"}}, {"pk": 35, "model": "races.racer", "fields": {"city": "", "first_name": "Chip", "last_name": "Blaser", "gender": 1, "trailhawk": null, "phone": "1234567890", "state": "", "contact": null, "shirt_size": null, "country": "", "birth_date": null, "email": "chip.blaser@gmail.com"}}, {"pk": 36, "model": "races.racer", "fields": {"city": "", "first_name": "Joe", "last_name": "Erwin", "gender": 1, "trailhawk": null, "phone": "1234567890", "state": "", "contact": null, "shirt_size": null, "country": "", "birth_date": null, "email": "joe.erwin@gmail.com"}}, {"pk": 37, "model": "races.racer", "fields": {"city": "", "first_name": "Laurie", "last_name": "Euler", "gender": 2, "trailhawk": null, "phone": "1234567890", "state": "", "contact": null, "shirt_size": null, "country": "", "birth_date": null, "email": "lluhar@gmail.com"}}, {"pk": 38, "model": "races.racer", "fields": {"city": "", "first_name": "Renee", "last_name": "Babin", "gender": 2, "trailhawk": null, "phone": "1234567890", "state": "", "contact": null, "shirt_size": null, "country": "", "birth_date": null, "email": "renee.babin@gmail.com"}}, {"pk": 39, "model": "races.racer", "fields": {"city": "", "first_name": "Jennifer", "last_name": "Franklin", "gender": 2, "trailhawk": null, "phone": "1234567890", "state": "", "contact": null, "shirt_size": null, "country": "", "birth_date": null, "email": "jennifer.franklin@gmail.com"}}, {"pk": 40, "model": "races.racer", "fields": {"city": "", "first_name": "Lee", "last_name": "Crane", "gender": 1, "trailhawk": null, "phone": "1234567890", "state": "", "contact": null, "shirt_size": null, "country": "", "birth_date": null, "email": "lee.crane@gmail.com"}}, {"pk": 41, "model": "races.racer", "fields": {"city": "", "first_name": "Rhonda", "last_name": "Lyne", "gender": 2, "trailhawk": null, "phone": "1234567890", "state": "", "contact": null, "shirt_size": null, "country": "", "birth_date": null, "email": "rhonda.lyne@gmail.com"}}, {"pk": 42, "model": "races.racer", "fields": {"city": "", "first_name": "Beth", "last_name": "Hilt", "gender": 2, "trailhawk": null, "phone": "1234567890", "state": "", "contact": null, "shirt_size": null, "country": "", "birth_date": null, "email": "beth.hilt@gmail.com"}}, {"pk": 1, "model": "races.result", "fields": {"course_record": true, "racer": 1, "race": 1, "place": "First Overall Male", "time": "00,19,58", "bib_number": 6, "dq": false}}, {"pk": 2, "model": "races.result", "fields": {"course_record": false, "racer": 2, "race": 1, "place": "First Masters Male", "time": "00,23,19", "bib_number": 9, "dq": false}}, {"pk": 3, "model": "races.result", "fields": {"course_record": false, "racer": 3, "race": 1, "place": "Second Masters Male", "time": "00,24,43", "bib_number": 8, "dq": false}}, {"pk": 4, "model": "races.result", "fields": {"course_record": true, "racer": 4, "race": 1, "place": "First Overall Female", "time": "00,25,34", "bib_number": 1, "dq": false}}, {"pk": 5, "model": "races.result", "fields": {"course_record": false, "racer": 5, "race": 1, "place": "Second Overall Male", "time": "00,27,56", "bib_number": 7, "dq": false}}, {"pk": 6, "model": "races.result", "fields": {"course_record": false, "racer": 6, "race": 1, "place": "Second Overall Female", "time": "00,28,35", "bib_number": 16, "dq": false}}, {"pk": 7, "model": "races.result", "fields": {"course_record": false, "racer": 7, "race": 1, "place": "Third Overall Male", "time": "00,30,54", "bib_number": 11, "dq": false}}, {"pk": 8, "model": "races.result", "fields": {"course_record": false, "racer": 8, "race": 1, "place": "First Masters Female", "time": "00,31,20", "bib_number": 18, "dq": false}}, {"pk": 9, "model": "races.result", "fields": {"course_record": false, "racer": 9, "race": 1, "place": "Second Masters Female", "time": "00,31,33", "bib_number": 15, "dq": false}}, {"pk": 10, "model": "races.result", "fields": {"course_record": false, "racer": 10, "race": 1, "place": "Third Overall Female", "time": "00,32,03", "bib_number": 12, "dq": false}}, {"pk": 11, "model": "races.result", "fields": {"course_record": false, "racer": 11, "race": 1, "place": "", "time": "00,32,45", "bib_number": 10, "dq": false}}, {"pk": 12, "model": "races.result", "fields": {"course_record": false, "racer": 12, "race": 1, "place": "", "time": "00,32,48", "bib_number": 4, "dq": false}}, {"pk": 13, "model": "races.result", "fields": {"course_record": false, "racer": 13, "race": 1, "place": "", "time": "00,32,49", "bib_number": 5, "dq": false}}, {"pk": 14, "model": "races.result", "fields": {"course_record": false, "racer": 14, "race": 1, "place": "", "time": "00,34,38", "bib_number": 17, "dq": false}}, {"pk": 15, "model": "races.result", "fields": {"course_record": false, "racer": 15, "race": 1, "place": "", "time": "00,38,58", "bib_number": 3, "dq": false}}, {"pk": 16, "model": "races.result", "fields": {"course_record": false, "racer": 16, "race": 1, "place": "", "time": "00,39,41", "bib_number": 2, "dq": false}}, {"pk": 17, "model": "races.result", "fields": {"course_record": false, "racer": 17, "race": 1, "place": "", "time": "00,41,20", "bib_number": 13, "dq": false}}, {"pk": 18, "model": "races.result", "fields": {"course_record": false, "racer": 18, "race": 1, "place": "Third Masters Female", "time": "00,43,23", "bib_number": 19, "dq": false}}, {"pk": 19, "model": "races.result", "fields": {"course_record": false, "racer": 19, "race": 1, "place": "", "time": "00,44,47", "bib_number": 14, "dq": false}}, {"pk": 20, "model": "races.result", "fields": {"course_record": true, "racer": 20, "race": 2, "place": "First Overall Male", "time": "00,46,49", "bib_number": 24, "dq": false}}, {"pk": 21, "model": "races.result", "fields": {"course_record": false, "racer": 21, "race": 2, "place": "Second Overall Male", "time": "00,52,32", "bib_number": 17, "dq": false}}, {"pk": 22, "model": "races.result", "fields": {"course_record": false, "racer": 22, "race": 2, "place": "Third Overall Male", "time": "00,53,13", "bib_number": 6, "dq": false}}, {"pk": 23, "model": "races.result", "fields": {"course_record": false, "racer": 23, "race": 2, "place": "", "time": "00,54,01", "bib_number": 14, "dq": false}}, {"pk": 24, "model": "races.result", "fields": {"course_record": false, "racer": 24, "race": 2, "place": "", "time": "00,58,33", "bib_number": 9, "dq": false}}, {"pk": 25, "model": "races.result", "fields": {"course_record": false, "racer": 3, "race": 2, "place": "", "time": "00,58,48", "bib_number": 19, "dq": false}}, {"pk": 26, "model": "races.result", "fields": {"course_record": true, "racer": 25, "race": 2, "place": "First Overall Female", "time": "00,59,32", "bib_number": 11, "dq": false}}, {"pk": 27, "model": "races.result", "fields": {"course_record": false, "racer": 26, "race": 2, "place": "", "time": "01,02,10", "bib_number": 1, "dq": false}}, {"pk": 28, "model": "races.result", "fields": {"course_record": false, "racer": 6, "race": 2, "place": "Second Overall Female", "time": "01,03,16", "bib_number": 25, "dq": false}}, {"pk": 29, "model": "races.result", "fields": {"course_record": false, "racer": 27, "race": 2, "place": "Third Overall Female", "time": "01,04,52", "bib_number": 13, "dq": false}}, {"pk": 30, "model": "races.result", "fields": {"course_record": false, "racer": 28, "race": 2, "place": "", "time": "01,05,21", "bib_number": 5, "dq": false}}, {"pk": 31, "model": "races.result", "fields": {"course_record": false, "racer": 29, "race": 2, "place": "", "time": "01,05,26", "bib_number": 29, "dq": false}}, {"pk": 32, "model": "races.result", "fields": {"course_record": false, "racer": 30, "race": 2, "place": "", "time": "01,08,28", "bib_number": 23, "dq": false}}, {"pk": 33, "model": "races.result", "fields": {"course_record": false, "racer": 31, "race": 2, "place": "", "time": "01,08,42", "bib_number": 28, "dq": false}}, {"pk": 34, "model": "races.result", "fields": {"course_record": false, "racer": 32, "race": 2, "place": "", "time": "01,09,36", "bib_number": 7, "dq": false}}, {"pk": 35, "model": "races.result", "fields": {"course_record": false, "racer": 33, "race": 2, "place": "", "time": "01,10,32", "bib_number": 8, "dq": false}}, {"pk": 36, "model": "races.result", "fields": {"course_record": false, "racer": 34, "race": 2, "place": "", "time": "01,11,23", "bib_number": 3, "dq": false}}, {"pk": 37, "model": "races.result", "fields": {"course_record": false, "racer": 35, "race": 2, "place": "", "time": "01,11,34", "bib_number": 18, "dq": false}}, {"pk": 38, "model": "races.result", "fields": {"course_record": false, "racer": 36, "race": 2, "place": "", "time": "01,12,05", "bib_number": 26, "dq": false}}, {"pk": 39, "model": "races.result", "fields": {"course_record": false, "racer": 37, "race": 2, "place": "", "time": "01,14,29", "bib_number": 4, "dq": false}}, {"pk": 40, "model": "races.result", "fields": {"course_record": false, "racer": 38, "race": 2, "place": "", "time": "01,16,32", "bib_number": 21, "dq": false}}, {"pk": 41, "model": "races.result", "fields": {"course_record": false, "racer": 39, "race": 2, "place": "", "time": "01,17,10", "bib_number": 15, "dq": false}}, {"pk": 42, "model": "races.result", "fields": {"course_record": false, "racer": 40, "race": 2, "place": "", "time": "01,17,13", "bib_number": 16, "dq": false}}, {"pk": 43, "model": "races.result", "fields": {"course_record": false, "racer": 8, "race": 2, "place": "", "time": "01,22,32", "bib_number": 2, "dq": false}}, {"pk": 44, "model": "races.result", "fields": {"course_record": false, "racer": 41, "race": 2, "place": "", "time": "01,24,30", "bib_number": 10, "dq": false}}, {"pk": 45, "model": "races.result", "fields": {"course_record": false, "racer": 42, "race": 2, "place": "", "time": "01,41,14", "bib_number": 27, "dq": false}}, {"pk": 46, "model": "races.result", "fields": {"course_record": false, "racer": 19, "race": 2, "place": "", "time": "01,42,07", "bib_number": 20, "dq": false}}, {"pk": 47, "model": "races.result", "fields": {"course_record": false, "racer": 1, "race": 2, "place": "", "time": "99,99,99", "bib_number": 12, "dq": true}}, {"pk": 1, "model": "races.report", "fields": {"report": "http://skooshmagoo.com/2009/09/27/shoreline-shuffle/", "racer": 5, "race": 1, "title": "Running in Sandals "}}]
